{
    "Other": 4,
    "Network activity": 265,
    "External analysis": 29,
    "Payload delivery": 2,
    "Ashmore_Impact-of-Alleged-Russian-Cyber-Attacks(Jan-18-09).pdf": 1,
    "prygi.blogspot.com": 1,
    "transnet.act.nato.int": 1,
    "www.times.spb.ru": 1,
    "lumen.cgsccarl.com": 1,
    "translate.google.ru": 1,
    "www.wmdinsights.com": 1,
    "www.euractiv.com": 1,
    "stu.neva.ru": 1,
    "CNN.com": 1,
    "Infopass.net": 1,
    "www.businessweek.com": 2,
    "www.iht.com": 2,
    "nato.int": 1,
    "EurActiv.com": 1,
    "search.ebscohost.com": 1,
    "www.osce.org": 1,
    "ec.europa.eu": 1,
    "America.gov": 1,
    "www.opensource.gov": 1,
    "conventions.coe.int": 1,
    "www.nato.int": 2,
    "www.guardian.co.uk": 2,
    "www.un.org": 1,
    "StopGeorgia.ru": 2,
    "studies.do": 1,
    "proquest.umi.com": 1,
    "Economist.com": 1,
    "www.baltictimes.com": 1,
    "www.earthtimes.org": 1,
    "www.america.gov": 1,
    "www.foreignpolicy.com": 1,
    "Forbes.com": 1,
    "www.jamestown.org": 2,
    "www.europarl.europa.eu": 1,
    "Civil.ge": 1,
    "www.economist.com": 2,
    "www.dni.gov": 2,
    "www.inforwars.net": 1,
    "ghostnet.pdf": 1,
    "210.51.7.155": 1,
    "www.internetworldstats.com": 1,
    "worldanalysis.net": 1,
    "Beijings-rising-hackers.pdf": 1,
    "www.yorku.ca": 1,
    "broad.hk.hi.dynamic.163data.com.cn": 1,
    "xxxxxxxxxxxxxxxxxxxxxxxxx.broad.hk.hi.dynamic.163data.com.cn": 1,
    "com.cn": 1,
    "campaigns@freetibet.org": 1,
    "www.indexindian.com": 1,
    "bg_2106.pdf": 1,
    "61.188.87.58": 1,
    "221.5.250.98": 1,
    "opennet.net": 2,
    "www.networkcia.com": 1,
    "www.afa.org": 1,
    "www.csmonitor.com": 2,
    "www.slate.com": 1,
    "www.macfeeresponse.com": 1,
    "Crouching_Powerpoint_Hidden_Trojan_24C3.pdf": 1,
    "lookbytheway.net": 1,
    "www.indexnews.org": 1,
    "07-F-2105doc1.pdf": 1,
    "Dalailama.com": 1,
    "www.macfeeresponse.org": 1,
    "bigwww.com": 1,
    "www.citzenlab.org": 1,
    "www.lookbytheway.com": 1,
    "www.msnppt.net": 1,
    "blog.stopbadware.org": 1,
    "www.itu.int": 1,
    "www.lookbytheway.net": 1,
    "rising-hackers.pdf": 1,
    "www.msnyf.com": 1,
    "www.webpronews.com": 1,
    "3322.org": 1,
    "www.daemon.be": 1,
    "infowar-monitor.net": 1,
    "ONI_Belarus_Country_Study.pdf": 1,
    "macfeeresponse.org": 1,
    "www.dod.mil": 1,
    "www.globalsecurity.org": 2,
    "xxxxxxxxxxx.broad.hk": 1,
    "VirusTotal.com": 1,
    "findarticles.com": 1,
    "www.msnxy.net": 1,
    "218.241.153.61": 1,
    "Deibert.pdf": 1,
    "www.insidetech.com": 1,
    "Exile.doc": 1,
    "kn.theiet.org": 1,
    "58.141.132.66": 1,
    "221.10.254.248": 1,
    "losttemp33@hotmail.com": 1,
    "www.heritage.org": 2,
    "www.secdev.ca": 1,
    "freetibet.org": 1,
    "www.infowar-monitor.net": 2,
    "xxxxxxxxxxxx.broad.hk.hi.dynamic.163data.com.cn": 1,
    "fmso.leavenworth.army.mil": 1,
    "Vanhorenbeeck.pdf": 1,
    "124.135.97.21": 1,
    "victorycyberspace.pdf": 1,
    "79f7f4695b8878cf1760e8626129ca88": 1,
    "ea03a7359505e19146994ad77b2a1e46": 1,
    "Fritz_HOW-CHINA-WILL-USE-CYBER-WARFARE(Oct-01-08).pdf": 1,
    "politics.slashdot.org": 1,
    "China-Military-Power-final.pdf": 1,
    "archive.newsmax.com": 1,
    "www.sfgate.com": 1,
    "unrestricted.pdf": 1,
    "www.marketwatch.com": 1,
    "www.amnestyusa.org": 1,
    "asia.cnet.com": 1,
    "www.ftc.gov": 1,
    "www.amnesty.org": 1,
    "www.csis.org": 1,
    "hacker.ge": 1,
    "technology.guardian.co.uk": 1,
    "slashdot.org": 1,
    "www.computerworld.com": 1,
    "www.rand.org": 1,
    "www.spacewar.com": 1,
    "www.rsf.org": 1,
    "Scientology.org": 1,
    "www.internetevolution.com": 1,
    "www.cfr.org": 1,
    "www.scmagazineus.com": 1,
    "BH-Fed-06-Maynor-Graham-up.pdf": 1,
    "08_05_20_trans.pdf": 1,
    "www.breitbart.com": 1,
    "www.treehugger.com": 1,
    "www.dallasnews.com": 1,
    "www.foreignaffairs.org": 1,
    "www.postimees.ee": 1,
    "www.physorg.com": 1,
    "060626_asia_balance_powers.pdf": 1,
    "fas.org": 1,
    "www.greenleft.org.au": 1,
    "www.usatoday.com": 1,
    "www.voipwiki.com": 1,
    "info_ops_roadmap.pdf": 1,
    "www.itnews.com.au": 1,
    "sinodefence.com": 1,
    "www.techweb.com": 1,
    "www.uscc.gov": 1,
    "sbdcnet.utsa.edu": 1,
    "www.independent.co.uk": 1,
    "www.asiamedia.ucla.edu": 1,
    "www.voanews.com": 1,
    "www.upiasiaonline.com": 1,
    "article.pl": 1,
    "www.techbriefs.com": 1,
    "www.landfield.com": 1,
    "www.ibls.com": 1,
    "www.stsc.hill.af.mil": 1,
    "sci.com": 1,
    "www.tzengs.com": 1,
    "MR580.pdf": 1,
    "www.gcn.com": 1,
    "www.chinanews.cn": 1,
    "www.people.fas.harvard.edu": 1,
    "_and_Harmonious_World.pdf": 1,
    "www.notebookreview.com": 1,
    "belfercenter.ksg.harvard.edu": 1,
    "Chinanews.cn": 1,
    "cryptome.org": 1,
    "www.thestandard.com": 1,
    "Alberts_NCW.pdf": 1,
    "loosewire.typepad.com": 1,
    "www.australianit.news.com.au": 1,
    "qwika.com": 1,
    "www.sinodefence.com": 1,
    "gas_stations.pdf": 1,
    "www.theage.com.au": 1,
    "www.wftv.com": 1,
    "friedman.pdf": 1,
    "www.nasa.gov": 1,
    "p533.pdf": 1,
    "papers.ssrn.com": 1,
    "www.gao.gov": 1,
    "irchelp.org": 1,
    "shashoujian.pdf": 1,
    "www.claws-and-paws.com": 1,
    "www.globalresearch.ca": 1,
    "www.tiraspoltimes.com": 1,
    "abcnews.go.com": 1,
    "www.koreatimes.co.kr": 1,
    "lrtranslations.blogspot.com": 1,
    "www.news.com.au": 1,
    "chinaview.wordpress.com": 1,
    "ity.org": 1,
    "www.textfiles.com": 1,
    "www.networkworld.com": 1,
    "en.rian.ru": 1,
    "www.upi.com": 1,
    "yro.slashdot.org": 1,
    "www.robson.org": 1,
    "web.archive.org": 1,
    "www.briancuban.com": 1,
    "www.appleinsider.com": 1,
    "www.sciencedaily.com": 1,
    "www.radioaustralia.net.au": 1,
    "co.uk": 1,
    "technology.timesonline.co.uk": 1,
    "d011073t.pdf": 1,
    "www.defenselink.mil": 1,
    "code.red": 1,
    "programs.ssrc.org": 1,
    "www.chicagotribune.com": 1,
    "www.macworld.com": 1,
    "Alberts_IAT.pdf": 1,
    "business.smh.com.au": 1,
    "www.terrorism.com": 1,
    "www.strategycenter.net": 1,
    "www.epl.ee": 1,
    "venturebeat.com": 1,
    "Digg.com": 1,
    "www.streem.com.au": 1,
    "www.defensetech.org": 1,
    "www.pbs.org": 1,
    "www.engadget.com": 1,
    "www.zone-h.org": 1,
    "www.totse.com": 1,
    "www.informaworld.com": 1,
    "news.cnet.com": 1,
    "www.infoworld.com": 1,
    "chinanavy2007.pdf": 1,
    "www.pcworld.com": 1,
    "warez.ge": 1,
    "www.sunstar.com.ph": 1,
    "searchsecurity.techtarget.com": 1,
    "www.newsweek.com": 1,
    "news.bbc.co": 1,
    "www.howstuffworks.com": 1,
    "www.atimes.com": 1,
    "www.blackhat.com": 1,
    "zoushoku.narc.affrc.go.jp": 1,
    "www.dodccrp.org": 1,
    "www.abc.net.au": 1,
    "www.wsws.org": 1,
    "www.aol.com.au": 1,
    "www.sbcc-chamber.com": 1,
    "www.airforcetimes.com": 1,
    "towards.one": 1,
    "www.allbusiness.com": 1,
    "www.popularmechanics.com": 1,
    "english.people.com.cn": 1,
    "wikipedia.qwika.com": 1,
    "www.fas.org": 1,
    "www.nottingham.ac.uk": 1,
    "www.StategicStudiesInstitute.army.mil": 1,
    "library.nmsu.edu": 1,
    "news.com.com": 1,
    "www.clevelandfed.org": 1,
    "www.comw.org": 1,
    "www.sciam.com": 1,
    "www.gwu.edu": 1,
    "info.anu.edu.au": 1,
    "556_10535_798405_Annex87_CyberAttacks.pdf": 1,
    "www.georgiaupdate.gov.ge": 1,
    "79.135.167.22": 1,
    "62.168.168.9": 1,
    "president.gov.ge": 1,
    "stopgeorgia.info": 1,
    "kavkaz.org": 1,
    "www.parliament.ge": 1,
    "thecanadianmeds.com": 1,
    "www.president.gov.ge": 1,
    "cybersecurity.ru": 1,
    "www.apsny.ge": 1,
    "Stopgeorgia.ru": 1,
    "www.saesa.gov.ge": 1,
    "79.135.167.49": 1,
    "Shadowserver.org": 1,
    "Xaker.ru": 1,
    "mfa.gov.ge": 1,
    "www.skandaly.ru": 1,
    "hacker.ru": 1,
    "Skandaly.ru": 1,
    "googlecomaolcomyahoocomaboutcom.net": 1,
    "Bryansk.ru": 1,
    "mod.gov.ge": 1,
    "chechenpress.com": 1,
    "name.avi.exe": 1,
    "kavkazcenter.com": 1,
    "Ripe.net": 1
}